1792 Small Batch,750 ml,https://www.saq.com/media/catalog/product/1/1/11857026-1_1680622983.png?quality=80&fit=bounds&height=166&width=111&canvas=111:166,50.00,Whiskey américain
1800 Blanco,750 ml,https://www.saq.com/media/catalog/product/1/1/11870407-1_1650999950.png?quality=80&fit=bounds&height=166&width=111&canvas=111:166,41.75,Téquila
19 Crimes Cabernet-Sauvignon Limestone Coast,750 ml,https://www.saq.com/media/catalog/product/1/2/12824197-1_1578411313.png?quality=80&fit=bounds&height=166&width=111&canvas=111:166,19.95,Vin rouge
19 Crimes Chardonnay South Eastern Australia,375 ml,https://www.saq.com/media/catalog/product/1/4/14715306-1_1617037846.png?quality=80&fit=bounds&height=166&width=111&canvas=111:166,9.15,Vin blanc
19 Crimes Hard Chard,750 ml,https://www.saq.com/media/catalog/product/1/3/13624710-1_1578539419.png?quality=80&fit=bounds&height=166&width=111&canvas=111:166,7.78,Vin blanc
19 Crimes Shiraz/Grenache/Mataro,750 ml,https://www.saq.com/media/catalog/product/1/2/12073995-1_1643120137.png?quality=80&fit=bounds&height=166&width=111&canvas=111:166,19.10,Vin rouge
1989 Taffel Akvavit,750 ml,https://www.saq.com/media/catalog/product/1/4/14928838-1_1638207043.png?quality=80&fit=bounds&height=166&width=111&canvas=111:166,19.95,Eau-de-vie aromatisée (carvi)
3 Fonteinen Cuvée Armand & Gaston Oude Geuze,375 ml,https://www.saq.com/media/catalog/product/1/4/14365001-1_1583854234.png?quality=80&fit=bounds&height=166&width=111&canvas=111:166,39.75,Bière dorée de type Spontanée
3 Lacs Citron Tournesol,750 ml,https://www.saq.com/media/catalog/product/1/4/14185211-1_1601489458.png?quality=80&fit=bounds&height=166&width=111&canvas=111:166,16.20,Dry gin
3 Lacs Épicé,750 ml,https://www.saq.com/media/catalog/product/1/5/15111117-1_1666268738.png?quality=80&fit=bounds&height=166&width=111&canvas=111:166,45.50,Rhum épicé
3 Lacs Gin Fizz Lime Basilic,4 x 355 ml,https://www.saq.com/media/catalog/product/1/4/14967992-1_1650917152.png?quality=80&fit=bounds&height=166&width=111&canvas=111:166,39.00,Cooler au spiritueux
3 Lacs Gin Limonade Rose Pamplemousse Romarin,4 x 355 ml,https://www.saq.com/media/catalog/product/1/4/14698016-1_1624286452.png?quality=80&fit=bounds&height=166&width=111&canvas=111:166,15.60,Cooler au spiritueux
3 Lacs Lime Basilic,750 ml,https://www.saq.com/media/catalog/product/1/4/14775712-1_1622747452.png?quality=80&fit=bounds&height=166&width=111&canvas=111:166,15.60,Dry gin
3 Lacs Limoncello,750 ml,https://www.saq.com/media/catalog/product/1/4/14775704-1_1623768044.png?quality=80&fit=bounds&height=166&width=111&canvas=111:166,45.75,Liqueur de fruit (citron)
3 Lacs Limoncello Spritz,4 x 355 ml,https://www.saq.com/media/catalog/product/1/5/15148307-1_1681397885.png?quality=80&fit=bounds&height=166&width=111&canvas=111:166,33.75,Cooler au spiritueux
3 Lacs Orange Triple Sec,750 ml,https://www.saq.com/media/catalog/product/1/5/15100813-1_1664295659.png?quality=80&fit=bounds&height=166&width=111&canvas=111:166,15.60,Liqueur de fruit (orange)
3 Lacs Pamplemousse Romarin,750 ml,https://www.saq.com/media/catalog/product/1/4/14545183-1_1592483419.png?quality=80&fit=bounds&height=166&width=111&canvas=111:166,39.00,Dry gin
655 Miles Cabernet Sauvignon Lodi,750 ml,https://www.saq.com/media/catalog/product/1/4/14139863-1_1578552320.png?quality=80&fit=bounds&height=166&width=111&canvas=111:166,45.75,Vin rouge
818 Blanco,750 ml,https://www.saq.com/media/catalog/product/1/5/15040831-1_1677006667.png?quality=80&fit=bounds&height=166&width=111&canvas=111:166,15.50,Téquila
818 Reposado,750 ml,https://www.saq.com/media/catalog/product/1/5/15040822-1_1677164166.png?quality=80&fit=bounds&height=166&width=111&canvas=111:166,74.50,Téquila
A&D Wines Monologo Arinto P24 2022,750 ml,https://www.saq.com/media/catalog/product/1/4/14296666-1_1580258418.png?quality=80&fit=bounds&height=166&width=111&canvas=111:166,84.75,Vin blanc
A.A. Badenhorst The Curator 2021,750 ml,https://www.saq.com/media/catalog/product/1/2/12889126-1_1677013251.png?quality=80&fit=bounds&height=166&width=111&canvas=111:166,18.45,Vin blanc
AA Badenhorst Riviera Secateurs Swartland 2021,750 ml,https://www.saq.com/media/catalog/product/1/3/13995027-1_1659561948.png?quality=80&fit=bounds&height=166&width=111&canvas=111:166,14.95,Vin blanc
Abel Miel et Propolis,750 ml,https://www.saq.com/media/catalog/product/1/4/14682874-1_1615410787.png?quality=80&fit=bounds&height=166&width=111&canvas=111:166,21.20,Genièvre aromatisé
1792 Small Batch,750 ml,https://www.saq.com/media/catalog/product/1/1/11857026-1_1680622983.png?quality=80&fit=bounds&height=166&width=111&canvas=111:166,45.75,Whiskey américain
1800 Blanco,750 ml,https://www.saq.com/media/catalog/product/1/1/11870407-1_1650999950.png?quality=80&fit=bounds&height=166&width=111&canvas=111:166,50.00,Téquila
19 Crimes Cabernet-Sauvignon Limestone Coast,750 ml,https://www.saq.com/media/catalog/product/1/2/12824197-1_1578411313.png?quality=80&fit=bounds&height=166&width=111&canvas=111:166,41.75,Vin rouge
19 Crimes Chardonnay South Eastern Australia,375 ml,https://www.saq.com/media/catalog/product/1/4/14715306-1_1617037846.png?quality=80&fit=bounds&height=166&width=111&canvas=111:166,19.95,Vin blanc
19 Crimes Hard Chard,750 ml,https://www.saq.com/media/catalog/product/1/3/13624710-1_1578539419.png?quality=80&fit=bounds&height=166&width=111&canvas=111:166,9.15,Vin blanc
19 Crimes Shiraz/Grenache/Mataro,750 ml,https://www.saq.com/media/catalog/product/1/2/12073995-1_1643120137.png?quality=80&fit=bounds&height=166&width=111&canvas=111:166,7.78,Vin rouge
1989 Taffel Akvavit,750 ml,https://www.saq.com/media/catalog/product/1/4/14928838-1_1638207043.png?quality=80&fit=bounds&height=166&width=111&canvas=111:166,19.10,Eau-de-vie aromatisée (carvi)
3 Fonteinen Cuvée Armand & Gaston Oude Geuze,375 ml,https://www.saq.com/media/catalog/product/1/4/14365001-1_1583854234.png?quality=80&fit=bounds&height=166&width=111&canvas=111:166,19.95,Bière dorée de type Spontanée
3 Lacs Citron Tournesol,750 ml,https://www.saq.com/media/catalog/product/1/4/14185211-1_1601489458.png?quality=80&fit=bounds&height=166&width=111&canvas=111:166,39.75,Dry gin
3 Lacs Épicé,750 ml,https://www.saq.com/media/catalog/product/1/5/15111117-1_1666268738.png?quality=80&fit=bounds&height=166&width=111&canvas=111:166,16.20,Rhum épicé
3 Lacs Gin Fizz Lime Basilic,4 x 355 ml,https://www.saq.com/media/catalog/product/1/4/14967992-1_1650917152.png?quality=80&fit=bounds&height=166&width=111&canvas=111:166,45.50,Cooler au spiritueux
3 Lacs Gin Limonade Rose Pamplemousse Romarin,4 x 355 ml,https://www.saq.com/media/catalog/product/1/4/14698016-1_1624286452.png?quality=80&fit=bounds&height=166&width=111&canvas=111:166,39.00,Cooler au spiritueux
3 Lacs Lime Basilic,750 ml,https://www.saq.com/media/catalog/product/1/4/14775712-1_1622747452.png?quality=80&fit=bounds&height=166&width=111&canvas=111:166,15.60,Dry gin
3 Lacs Limoncello,750 ml,https://www.saq.com/media/catalog/product/1/4/14775704-1_1623768044.png?quality=80&fit=bounds&height=166&width=111&canvas=111:166,15.60,Liqueur de fruit (citron)
3 Lacs Limoncello Spritz,4 x 355 ml,https://www.saq.com/media/catalog/product/1/5/15148307-1_1681397885.png?quality=80&fit=bounds&height=166&width=111&canvas=111:166,45.75,Cooler au spiritueux
3 Lacs Orange Triple Sec,750 ml,https://www.saq.com/media/catalog/product/1/5/15100813-1_1664295659.png?quality=80&fit=bounds&height=166&width=111&canvas=111:166,33.75,Liqueur de fruit (orange)
3 Lacs Pamplemousse Romarin,750 ml,https://www.saq.com/media/catalog/product/1/4/14545183-1_1592483419.png?quality=80&fit=bounds&height=166&width=111&canvas=111:166,15.60,Dry gin
655 Miles Cabernet Sauvignon Lodi,750 ml,https://www.saq.com/media/catalog/product/1/4/14139863-1_1578552320.png?quality=80&fit=bounds&height=166&width=111&canvas=111:166,39.00,Vin rouge
818 Blanco,750 ml,https://www.saq.com/media/catalog/product/1/5/15040831-1_1677006667.png?quality=80&fit=bounds&height=166&width=111&canvas=111:166,45.75,Téquila
818 Reposado,750 ml,https://www.saq.com/media/catalog/product/1/5/15040822-1_1677164166.png?quality=80&fit=bounds&height=166&width=111&canvas=111:166,15.50,Téquila
A&D Wines Monologo Arinto P24 2022,750 ml,https://www.saq.com/media/catalog/product/1/4/14296666-1_1580258418.png?quality=80&fit=bounds&height=166&width=111&canvas=111:166,74.50,Vin blanc
A.A. Badenhorst The Curator 2021,750 ml,https://www.saq.com/media/catalog/product/1/2/12889126-1_1677013251.png?quality=80&fit=bounds&height=166&width=111&canvas=111:166,84.75,Vin blanc
AA Badenhorst Riviera Secateurs Swartland 2021,750 ml,https://www.saq.com/media/catalog/product/1/3/13995027-1_1659561948.png?quality=80&fit=bounds&height=166&width=111&canvas=111:166,18.45,Vin blanc
Abel Miel et Propolis,750 ml,https://www.saq.com/media/catalog/product/1/4/14682874-1_1615410787.png?quality=80&fit=bounds&height=166&width=111&canvas=111:166,14.95,Genièvre aromatisé
Aberlour 12 Ans Double Cask Speyside Scotch Whisky Single Malt,750 ml,https://www.saq.com/media/catalog/product/1/0/10866887-1_1610988032.png?quality=80&fit=bounds&height=166&width=111&canvas=111:166,21.20,Whiskey américain
Absintherie des Cantons Aquavit Belle-Isle,750 ml,https://www.saq.com/media/catalog/product/1/3/13533295-1_1578537310.png?quality=80&fit=bounds&height=166&width=111&canvas=111:166,45.75,Téquila
Absintherie des Cantons Fleur Bleue,750 ml,https://www.saq.com/media/catalog/product/1/5/15147911-1_1669672253.png?quality=80&fit=bounds&height=166&width=111&canvas=111:166,72.50,Vin rouge
Absintherie des Cantons Joual Vert,375 ml,https://www.saq.com/media/catalog/product/1/5/15147902-1_1676324143.png?quality=80&fit=bounds&height=166&width=111&canvas=111:166,39.75,Vin blanc
Absintherie des Cantons Joual Vert,750 ml,https://www.saq.com/media/catalog/product/1/3/13306308-1_1626182724.png?quality=80&fit=bounds&height=166&width=111&canvas=111:166,57.00,Vin blanc
Absintherie des Cantons Panoramix,750 ml,https://www.saq.com/media/catalog/product/1/3/13916237-1_1578545714.png?quality=80&fit=bounds&height=166&width=111&canvas=111:166,65.75,Vin rouge
Absintherie des Cantons Wendigo,750 ml,https://www.saq.com/media/catalog/product/1/3/13305831-1_1578534017.png?quality=80&fit=bounds&height=166&width=111&canvas=111:166,65.75,Eau-de-vie aromatisée (carvi)
Absolut,375 ml,https://www.saq.com/media/catalog/product/1/8/183251-1_1642440636.png?quality=80&fit=bounds&height=166&width=111&canvas=111:166,49.75,Bière dorée de type Spontanée
Absolut,750 ml,https://www.saq.com/media/catalog/product/1/1/11401133-1_1635862858.png?quality=80&fit=bounds&height=166&width=111&canvas=111:166,38.25,Dry gin
Absolut,750 ml,https://www.saq.com/media/catalog/product/1/1/110056-1_1642110633.png?quality=80&fit=bounds&height=166&width=111&canvas=111:166,61.00,Rhum épicé
Absolut Berry Vodkarita Pétillant,4 x 355 ml,https://www.saq.com/media/catalog/product/1/5/15149115-1_1677508222.png?quality=80&fit=bounds&height=166&width=111&canvas=111:166,41.50,Cooler au spiritueux
Absolut Citron,4 x 355 ml,https://www.saq.com/media/catalog/product/2/5/257238-1_1659622556.png?quality=80&fit=bounds&height=166&width=111&canvas=111:166,39.00,Cooler au spiritueux
Absolut Elyx,750 ml,https://www.saq.com/media/catalog/product/1/2/12557092-1_1608211843.png?quality=80&fit=bounds&height=166&width=111&canvas=111:166,28.20,Dry gin
Absolut Juice Strawberry Edition,750 ml,https://www.saq.com/media/catalog/product/1/4/14445836-1_1589911865.png?quality=80&fit=bounds&height=166&width=111&canvas=111:166,26.70,Liqueur de fruit (citron)
Absolut Lime,4 x 355 ml,https://www.saq.com/media/catalog/product/1/3/13570942-1_1649693142.png?quality=80&fit=bounds&height=166&width=111&canvas=111:166,12.00,Cooler au spiritueux
Absolut Mango Mule,750 ml,https://www.saq.com/media/catalog/product/1/4/14699625-1_1616608326.png?quality=80&fit=bounds&height=166&width=111&canvas=111:166,28.85,Liqueur de fruit (orange)
Absolut Raspberri,750 ml,https://www.saq.com/media/catalog/product/1/1/11949406-1_1659622555.png?quality=80&fit=bounds&height=166&width=111&canvas=111:166,27.35,Dry gin
Acolytes,750 ml,https://www.saq.com/media/catalog/product/1/4/14905628-1_1637101840.png?quality=80&fit=bounds&height=166&width=111&canvas=111:166,49.00,Vin rouge
Acolytes Crème au Rhum,750 ml,https://www.saq.com/media/catalog/product/1/5/15073561-1_1666112774.png?quality=80&fit=bounds&height=166&width=111&canvas=111:166,31.50,Téquila
Acolytes Épicé,750 ml,https://www.saq.com/media/catalog/product/1/5/15067208-1_1659987033.png?quality=80&fit=bounds&height=166&width=111&canvas=111:166,28.55,Téquila
Act 1751 London,750 ml,https://www.saq.com/media/catalog/product/1/4/14947318-1_1665152170.png?quality=80&fit=bounds&height=166&width=111&canvas=111:166,27.05,Vin blanc
Adega de Pegões Colheita Seleccionada IGP Peninsula de Setubal,750 ml,https://www.saq.com/media/catalog/product/1/0/10838801-1_1640276466.png?quality=80&fit=bounds&height=166&width=111&canvas=111:166,12.00,Vin blanc
Adega de Penalva Dão,750 ml,https://www.saq.com/media/catalog/product/1/3/13746485-1_1578541826.png?quality=80&fit=bounds&height=166&width=111&canvas=111:166,28.50,Vin blanc
Adega de Penalva Dão 2022,750 ml,https://www.saq.com/media/catalog/product/1/2/12728904-1_1649076332.png?quality=80&fit=bounds&height=166&width=111&canvas=111:166,45.00,Genièvre aromatisé
Adega de Penalva Maceration pelliculaire Dão 2021,750 ml,https://www.saq.com/media/catalog/product/1/3/13844317-1_1578543322.png?quality=80&fit=bounds&height=166&width=111&canvas=111:166,36.00,Whiskey américain
AdegaMãe Dory Blanc 2021,750 ml,https://www.saq.com/media/catalog/product/1/5/15113315-1_1675788354.png?quality=80&fit=bounds&height=166&width=111&canvas=111:166,40.00,Téquila
Agathe Bursin L'As de B Alsace 2021,750 ml,https://www.saq.com/media/catalog/product/1/3/13998498-1_1676412965.png?quality=80&fit=bounds&height=166&width=111&canvas=111:166,38.75,Vin rouge
Agnès Paquet Bourgogne Aligoté Le Clou et la Plume 2020,375 ml,https://www.saq.com/media/catalog/product/1/5/15092438-1_1675349166.png?quality=80&fit=bounds&height=166&width=111&canvas=111:166,13.60,Vin blanc
Agostino Wines Uma Mendoza 2021,750 ml,https://www.saq.com/media/catalog/product/1/4/14501068-1_1614194739.png?quality=80&fit=bounds&height=166&width=111&canvas=111:166,12.70,Vin blanc
Akashi-tai Junmai Tokubetsu,750 ml,https://www.saq.com/media/catalog/product/1/5/15073739-1_1674510365.png?quality=80&fit=bounds&height=166&width=111&canvas=111:166,12.45,Vin rouge
Alain Brumont La Gascogne,750 ml,https://www.saq.com/media/catalog/product/1/3/13950347-1_1605819950.png?quality=80&fit=bounds&height=166&width=111&canvas=111:166,21.95,Eau-de-vie aromatisée (carvi)
Alain Brumont Madiran Tour Bouscassé 2019,375 ml,https://www.saq.com/media/catalog/product/1/2/12284303-1_1639701932.png?quality=80&fit=bounds&height=166&width=111&canvas=111:166,14.05,Bière dorée de type Spontanée
Alain Chavy Saint-Aubin Premier Cru En Remilly 2020,750 ml,https://www.saq.com/media/catalog/product/1/5/15020629-1_1675890353.png?quality=80&fit=bounds&height=166&width=111&canvas=111:166,24.40,Dry gin
Alain Jaume Côtes du Rhône Grand Veneur 2021,750 ml,https://www.saq.com/media/catalog/product/1/4/14205357-1_1604349331.png?quality=80&fit=bounds&height=166&width=111&canvas=111:166,31.00,Rhum épicé
Alain Lorieux Chinon Expression 2019,4 x 355 ml,https://www.saq.com/media/catalog/product/8/7/873257-1_1679068086.png?quality=80&fit=bounds&height=166&width=111&canvas=111:166,12.05,Cooler au spiritueux
Alamos Chardonnay Mendoza 2021,4 x 355 ml,https://www.saq.com/media/catalog/product/4/6/467969-1_1580601326.png?quality=80&fit=bounds&height=166&width=111&canvas=111:166,25.35,Cooler au spiritueux
Alastro Planeta Sicilia 2021,750 ml,https://www.saq.com/media/catalog/product/1/4/14475242-1_1592505014.png?quality=80&fit=bounds&height=166&width=111&canvas=111:166,48.75,Dry gin
Albert Bichot Beaujolais Villages Mr No Sulfite,750 ml,https://www.saq.com/media/catalog/product/1/4/14879546-1_1642691742.png?quality=80&fit=bounds&height=166&width=111&canvas=111:166,19.30,Liqueur de fruit (citron)
Albert Bichot Bourgogne Aligoté,4 x 355 ml,https://www.saq.com/media/catalog/product/1/3/130724-1_1581313221.png?quality=80&fit=bounds&height=166&width=111&canvas=111:166,90.25,Cooler au spiritueux
Albert Bichot Chambolle Musigny 2020,750 ml,https://www.saq.com/media/catalog/product/1/5/15041905-1_1677188747.png?quality=80&fit=bounds&height=166&width=111&canvas=111:166,18.60,Liqueur de fruit (orange)
Albert Bichot Chassagne-Montrachet 2020,750 ml,https://www.saq.com/media/catalog/product/1/5/15042895-1_1678292147.png?quality=80&fit=bounds&height=166&width=111&canvas=111:166,19.10,Dry gin
Albert Bichot Domaine du Pavillon Aloxe-Corton 2020,750 ml,https://www.saq.com/media/catalog/product/1/4/14123845-1_1578552027.png?quality=80&fit=bounds&height=166&width=111&canvas=111:166,16.30,Vin rouge
Albert Bichot Gevrey Chambertin Les Evocelles 2020,750 ml,https://www.saq.com/media/catalog/product/1/5/15042924-1_1679932686.png?quality=80&fit=bounds&height=166&width=111&canvas=111:166,20.85,Téquila
Alberta Premium Canadien de Seigle,750 ml,https://www.saq.com/media/catalog/product/1/3/13418406-1_1578535516.png?quality=80&fit=bounds&height=166&width=111&canvas=111:166,16.00,Téquila
Alberta Premium Force de Fût Édition Limitée,750 ml,https://www.saq.com/media/catalog/product/1/4/14673071-1_1632312613.png?quality=80&fit=bounds&height=166&width=111&canvas=111:166,19.60,Vin blanc
Albino Armani Ripasso Valpolicella Superiore 2020,750 ml,https://www.saq.com/media/catalog/product/1/3/13893178-1_1678816685.png?quality=80&fit=bounds&height=166&width=111&canvas=111:166,128.75,Vin blanc
Alchimia,750 ml,https://www.saq.com/media/catalog/product/1/4/14720965-1_1618581052.png?quality=80&fit=bounds&height=166&width=111&canvas=111:166,119.75,Vin blanc
Alchimia,750 ml,https://www.saq.com/media/catalog/product/1/4/14646902-1_1612390239.png?quality=80&fit=bounds&height=166&width=111&canvas=111:166,77.25,Genièvre aromatisé
Alchimia,750 ml,https://www.saq.com/media/catalog/product/1/4/14562258-1_1603914368.png?quality=80&fit=bounds&height=166&width=111&canvas=111:166,106.00,Whiskey américain
Alchimia Limonada,750 ml,https://www.saq.com/media/catalog/product/1/5/15029412-1_1659628550.png?quality=80&fit=bounds&height=166&width=111&canvas=111:166,26.95,Téquila
Aléa Espresso,750 ml,https://www.saq.com/media/catalog/product/1/5/15115169-1_1669992659.png?quality=80&fit=bounds&height=166&width=111&canvas=111:166,84.75,Vin rouge
Aléa L'Originale Crème Brulée,375 ml,https://www.saq.com/media/catalog/product/1/4/14736887-1_1638377466.png?quality=80&fit=bounds&height=166&width=111&canvas=111:166,21.00,Vin blanc
Aléa Végane Crème Brulée,750 ml,https://www.saq.com/media/catalog/product/1/4/14736828-1_1638377466.png?quality=80&fit=bounds&height=166&width=111&canvas=111:166,37.75,Vin blanc
Alessandro Berselli Signature Collection Salento Primitivo 2018,750 ml,https://www.saq.com/media/catalog/product/1/3/13487188-1_1675105259.png?quality=80&fit=bounds&height=166&width=111&canvas=111:166,30.25,Vin rouge
Alias Croizet-Bages Pauillac 2019,750 ml,https://www.saq.com/media/catalog/product/1/5/15036014-1_1667404562.png?quality=80&fit=bounds&height=166&width=111&canvas=111:166,32.50,Eau-de-vie aromatisée (carvi)
Alizé Gold Passion,375 ml,https://www.saq.com/media/catalog/product/1/2/12028262-1_1580658631.png?quality=80&fit=bounds&height=166&width=111&canvas=111:166,3.80,Bière dorée de type Spontanée
Allegrini La Bragia Veneto 2018,750 ml,https://www.saq.com/media/catalog/product/1/3/13419441-1_1578535516.png?quality=80&fit=bounds&height=166&width=111&canvas=111:166,33.00,Dry gin
Allegrini Palazzo della Torre Veronese 2019,750 ml,https://www.saq.com/media/catalog/product/9/0/907477-1_1580607615.png?quality=80&fit=bounds&height=166&width=111&canvas=111:166,33.00,Rhum épicé
Allegrini Valpolicella Classico 2021,4 x 355 ml,https://www.saq.com/media/catalog/product/1/5/15082926-1_1674747068.png?quality=80&fit=bounds&height=166&width=111&canvas=111:166,35.00,Cooler au spiritueux
Allo j'tm Vodka Soda Limonade Rose,4 x 355 ml,https://www.saq.com/media/catalog/product/1/5/15148260-1_1681400283.png?quality=80&fit=bounds&height=166&width=111&canvas=111:166,20.80,Cooler au spiritueux
Alma Negra M Blend Mendoza 2019,750 ml,https://www.saq.com/media/catalog/product/1/1/11156895-1_1580613917.png?quality=80&fit=bounds&height=166&width=111&canvas=111:166,56.25,Dry gin
Alois Lageder Pinot Bianco Sudtirol Alto Adige 2021,750 ml,https://www.saq.com/media/catalog/product/1/2/12057004-1_1652712942.png?quality=80&fit=bounds&height=166&width=111&canvas=111:166,27.95,Liqueur de fruit (citron)
Alois Lageder Riff delle Venezie 2021,4 x 355 ml,https://www.saq.com/media/catalog/product/1/3/13897427-1_1659561948.png?quality=80&fit=bounds&height=166&width=111&canvas=111:166,19.45,Cooler au spiritueux
Alta Alella GX Catalunya 2021,750 ml,https://www.saq.com/media/catalog/product/1/4/14223791-1_1648475427.png?quality=80&fit=bounds&height=166&width=111&canvas=111:166,24.95,Liqueur de fruit (orange)
Altamente Jumilla 2020,750 ml,https://www.saq.com/media/catalog/product/1/3/13632365-1_1580934012.png?quality=80&fit=bounds&height=166&width=111&canvas=111:166,22.45,Dry gin
Altano Vin Biologique Douro 2020,750 ml,https://www.saq.com/media/catalog/product/1/4/14381318-1_1588617318.png?quality=80&fit=bounds&height=166&width=111&canvas=111:166,14.80,Vin rouge
Altolandon Enrosado Manchuela 2021,750 ml,https://www.saq.com/media/catalog/product/1/4/14154131-1_1623241834.png?quality=80&fit=bounds&height=166&width=111&canvas=111:166,21.25,Téquila
Altolandon Mil Historias Garnacha Manchuela 2021,750 ml,https://www.saq.com/media/catalog/product/1/3/13794111-1_1659624942.png?quality=80&fit=bounds&height=166&width=111&canvas=111:166,19.40,Téquila
Alvaro Palacios Les Aubaguetes Priorat 2018,750 ml,https://www.saq.com/media/catalog/product/1/4/14295989-1_1605726649.png?quality=80&fit=bounds&height=166&width=111&canvas=111:166,15.60,Vin blanc
Amalia Brut,750 ml,https://www.saq.com/media/catalog/product/1/5/15074555-1_1673904664.png?quality=80&fit=bounds&height=166&width=111&canvas=111:166,17.40,Vin blanc
Amarula,750 ml,https://www.saq.com/media/catalog/product/3/4/342246-1_1627312538.png?quality=80&fit=bounds&height=166&width=111&canvas=111:166,14.90,Vin blanc
Amarula,750 ml,https://www.saq.com/media/catalog/product/1/2/12821771-1_1578411310.png?quality=80&fit=bounds&height=166&width=111&canvas=111:166,17.55,Genièvre aromatisé
Ambasciata del Buon Vino Valpolicella Classico 2020,750 ml,https://www.saq.com/media/catalog/product/1/4/14744342-1_1626278725.png?quality=80&fit=bounds&height=166&width=111&canvas=111:166,16.80,Whisky écossais
Ambo Grigio Friuli,750 ml,https://www.saq.com/media/catalog/product/1/3/13692481-1_1595969715.png?quality=80&fit=bounds&height=166&width=111&canvas=111:166,16.25,Eau-de-vie aromatisée (aneth et carvi)
Ambo Nero Provincia di Pavia,500 ml,https://www.saq.com/media/catalog/product/1/3/13487161-1_1578536420.png?quality=80&fit=bounds&height=166&width=111&canvas=111:166,459.50,Absinthe
Amerable Amaro,500 ml,https://www.saq.com/media/catalog/product/1/3/13673888-1_1607348747.png?quality=80&fit=bounds&height=166&width=111&canvas=111:166,27.20,Absinthe
Amermelade,500 ml,https://www.saq.com/media/catalog/product/1/4/14070966-1_1578550814.png?quality=80&fit=bounds&height=166&width=111&canvas=111:166,30.50,Absinthe
Amermelade Spritz,750 ml,https://www.saq.com/media/catalog/product/1/4/14398380-1_1588617318.png?quality=80&fit=bounds&height=166&width=111&canvas=111:166,41.25,Dry gin
Amernoir,750 ml,https://www.saq.com/media/catalog/product/1/3/13505008-1_1646410847.png?quality=80&fit=bounds&height=166&width=111&canvas=111:166,18.45,Dry gin
AMI Bourgogne La Tête dans les Nuages 2020,"1,75 L",https://www.saq.com/media/catalog/product/1/5/15086863-1_1675890952.png?quality=80&fit=bounds&height=166&width=111&canvas=111:166,15.95,Vodka
Amoretto Di Wabasso,"1,14 L",https://www.saq.com/media/catalog/product/1/5/15131716-1_1680707285.png?quality=80&fit=bounds&height=166&width=111&canvas=111:166,14.95,Vodka
Anakena Cabernet-Sauvignon,750 ml,https://www.saq.com/media/catalog/product/1/3/13284858-1_1605726647.png?quality=80&fit=bounds&height=166&width=111&canvas=111:166,15.95,Vodka
Anciano Reserva Rioja Reserva 2016,4 x 355 ml,https://www.saq.com/media/catalog/product/1/4/14980724-1_1662645653.png?quality=80&fit=bounds&height=166&width=111&canvas=111:166,35.25,Cooler au spiritueux
André Rohrer Stein Riesling,750 ml,https://www.saq.com/media/catalog/product/1/5/15116225-1_1679602083.png?quality=80&fit=bounds&height=166&width=111&canvas=111:166,29.96,Vodka aromatisée (citron)
Angel's Envy Port Finish,750 ml,https://www.saq.com/media/catalog/product/1/4/14947465-1_1659627966.png?quality=80&fit=bounds&height=166&width=111&canvas=111:166,22.35,Vodka
Angels & Cowboys Sonoma Valley 2021,750 ml,https://www.saq.com/media/catalog/product/1/3/13030495-1_1581312616.png?quality=80&fit=bounds&height=166&width=111&canvas=111:166,14.60,Vodka aromatisée (fraise)
Animus Douro,750 ml,https://www.saq.com/media/catalog/product/1/1/11133239-1_1580613314.png?quality=80&fit=bounds&height=166&width=111&canvas=111:166,34.00,Vodka aromatisée (lime)
Anita Kuhnel Moulin-à-Vent Les Caves Très Vieilles Vignes 2020,4 x 355 ml,https://www.saq.com/media/catalog/product/1/3/13211835-1_1578442510.png?quality=80&fit=bounds&height=166&width=111&canvas=111:166,45.75,Cooler au spiritueux
Anmoor,750 ml,https://www.saq.com/media/catalog/product/1/4/14954850-1_1656430865.png?quality=80&fit=bounds&height=166&width=111&canvas=111:166,34.75,Vodka aromatisée (framboise)
Anselmo Mendes Muros Antigos Vinho Verde 2021,750 ml,https://www.saq.com/media/catalog/product/1/2/12455088-1_1580665515.png?quality=80&fit=bounds&height=166&width=111&canvas=111:166,13.15,Rhum aromatisé
Antica A26 Chardonnay Napa Valley 2020,750 ml,https://www.saq.com/media/catalog/product/1/5/15118183-1_1673300466.png?quality=80&fit=bounds&height=166&width=111&canvas=111:166,11.18,Boisson à la crème
Antinori Pian delle Vigne Brunello di Montalcino 2017,750 ml,https://www.saq.com/media/catalog/product/1/4/14973145-1_1659642055.png?quality=80&fit=bounds&height=166&width=111&canvas=111:166,17.45,Rhum épicé
Antinori Pian delle Vigne Rosso di Montalcino 2021,750 ml,https://www.saq.com/media/catalog/product/1/4/14719876-1_1615827643.png?quality=80&fit=bounds&height=166&width=111&canvas=111:166,44.50,Dry gin
Antoine Bonet Merlot,750 ml,https://www.saq.com/media/catalog/product/4/4/447334-1_1606227649.png?quality=80&fit=bounds&height=166&width=111&canvas=111:166,79.75,Vin blanc
Antoine Moueix La Grande Chapelle Bordeaux,750 ml,https://www.saq.com/media/catalog/product/3/6/36012-1_1608221457.png?quality=80&fit=bounds&height=166&width=111&canvas=111:166,24.40,Vin rouge
Antoine Sunier Régnié Cuvée Montmerond 2021,750 ml,https://www.saq.com/media/catalog/product/1/4/14793494-1_1634591430.png?quality=80&fit=bounds&height=166&width=111&canvas=111:166,13.25,Vin blanc
Antonin Rodet Coteaux Bourguignons,750 ml,https://www.saq.com/media/catalog/product/1/3/13188815-1_1679665683.png?quality=80&fit=bounds&height=166&width=111&canvas=111:166,28.95,Whiskey américain
Antu Cabernet Sauvignon Carmenère Valle de Colchagua,750 ml,https://www.saq.com/media/catalog/product/1/1/11386885-1_1644328821.png?quality=80&fit=bounds&height=166&width=111&canvas=111:166,65.25,Téquila
Aperol,750 ml,https://www.saq.com/media/catalog/product/1/1/11639070-1_1580625016.png?quality=80&fit=bounds&height=166&width=111&canvas=111:166,15.90,Vin rouge
Aperol Spritz Prêt-à-servir,375 ml,https://www.saq.com/media/catalog/product/1/4/14960230-1_1647350142.png?quality=80&fit=bounds&height=166&width=111&canvas=111:166,66.25,Vin blanc
Apoco Rosé Grenache Cinsault 2020,750 ml,https://www.saq.com/media/catalog/product/1/4/14713001-1_1623705128.png?quality=80&fit=bounds&height=166&width=111&canvas=111:166,74.50,Vin blanc
Apothic Cabernet Sauvignon 2020,750 ml,https://www.saq.com/media/catalog/product/1/4/14682372-1_1620042330.png?quality=80&fit=bounds&height=166&width=111&canvas=111:166,28.95,Vin rouge
Apothic Red 2020,750 ml,https://www.saq.com/media/catalog/product/1/4/14467373-1_1585319708.png?quality=80&fit=bounds&height=166&width=111&canvas=111:166,51.00,Eau-de-vie aromatisée (carvi)
Apothic Red,375 ml,https://www.saq.com/media/catalog/product/1/1/11315497-1_1659641149.png?quality=80&fit=bounds&height=166&width=111&canvas=111:166,14.95,Bière dorée de type Spontanée
Appétit de France Syrah Grenache,750 ml,https://www.saq.com/media/catalog/product/1/2/12990195-1_1578435609.png?quality=80&fit=bounds&height=166&width=111&canvas=111:166,38.00,Dry gin
Appleton Estate Rare 12 Ans,750 ml,https://www.saq.com/media/catalog/product/1/0/105742-1_1619088915.png?quality=80&fit=bounds&height=166&width=111&canvas=111:166,16.75,Rhum épicé
Appleton Estate Reserve 8 ans,4 x 355 ml,https://www.saq.com/media/catalog/product/1/4/14588159-1_1663768554.png?quality=80&fit=bounds&height=166&width=111&canvas=111:166,19.90,Cooler au spiritueux
Appleton Estate Signature,4 x 355 ml,https://www.saq.com/media/catalog/product/1/7/177808-1_1584547219.png?quality=80&fit=bounds&height=166&width=111&canvas=111:166,24.50,Cooler au spiritueux
Aquavice,750 ml,https://www.saq.com/media/catalog/product/1/3/13940801-1_1578546612.png?quality=80&fit=bounds&height=166&width=111&canvas=111:166,16.50,Dry gin
Aranléon Blés Valencia 2022,750 ml,https://www.saq.com/media/catalog/product/1/3/13792422-1_1578542417.png?quality=80&fit=bounds&height=166&width=111&canvas=111:166,6.00,Liqueur de fruit (citron)
Aranleon Blés Valencia,4 x 355 ml,https://www.saq.com/media/catalog/product/1/0/10856427-1_1678818483.png?quality=80&fit=bounds&height=166&width=111&canvas=111:166,15.95,Cooler au spiritueux
Aranléon Solo Utiel-Requena 2020,750 ml,https://www.saq.com/media/catalog/product/1/4/14346740-1_1674510365.png?quality=80&fit=bounds&height=166&width=111&canvas=111:166,14.70,Liqueur de fruit (orange)
Arboleda Cabernet-Sauvignon Valle de Aconcagua,750 ml,https://www.saq.com/media/catalog/product/1/0/10967434-1_1645559450.png?quality=80&fit=bounds&height=166&width=111&canvas=111:166,50.00,Dry gin
Arbolencia Sauvignon Blanc Verdejo 2021,750 ml,https://www.saq.com/media/catalog/product/1/4/14728810-1_1627584050.png?quality=80&fit=bounds&height=166&width=111&canvas=111:166,16.15,Vin rouge
Archipel,750 ml,https://www.saq.com/media/catalog/product/1/4/14810522-1_1645559451.png?quality=80&fit=bounds&height=166&width=111&canvas=111:166,11.45,Téquila
Armand de Brignac Brut,750 ml,https://www.saq.com/media/catalog/product/1/3/13319598-1_1680815883.png?quality=80&fit=bounds&height=166&width=111&canvas=111:166,46.25,Téquila
Arnaud Lambert Saumur Brézé 2021,750 ml,https://www.saq.com/media/catalog/product/1/3/13587963-1_1631133337.png?quality=80&fit=bounds&height=166&width=111&canvas=111:166,36.75,Vin blanc
Artis Chardonnay Vin de France,750 ml,https://www.saq.com/media/catalog/product/1/4/14323847-1_1594925117.png?quality=80&fit=bounds&height=166&width=111&canvas=111:166,28.75,Vin blanc
Artis Merlot Vin de France,750 ml,https://www.saq.com/media/catalog/product/1/4/14323871-1_1590615021.png?quality=80&fit=bounds&height=166&width=111&canvas=111:166,41.25,Vin blanc
Astoria Fanò Asolo Prosecco,750 ml,https://www.saq.com/media/catalog/product/1/3/13056370-1_1581312920.png?quality=80&fit=bounds&height=166&width=111&canvas=111:166,15.50,Genièvre aromatisé
Astoria Fanò Asolo Prosecco,750 ml,https://www.saq.com/media/catalog/product/1/3/13056370-1_1581312920.png?quality=80&fit=bounds&height=166&width=111&canvas=111:166,15.70,Whiskey américain
Astorre Noti Chianti,750 ml,https://www.saq.com/media/catalog/product/1/4/14444930-1_1678816685.png?quality=80&fit=bounds&height=166&width=111&canvas=111:166,19.95,Téquila
Astorre Noti Chianti Riserva 2018,750 ml,https://www.saq.com/media/catalog/product/1/3/13460655-1_1646927154.png?quality=80&fit=bounds&height=166&width=111&canvas=111:166,19.90,Vin rouge
Attems Pinot Grigio Friuli 2021,375 ml,https://www.saq.com/media/catalog/product/1/1/11472409-1_1674155453.png?quality=80&fit=bounds&height=166&width=111&canvas=111:166,10.05,Vin blanc
Atwater Cocktail Club Drunken Orange Small Batch,750 ml,https://www.saq.com/media/catalog/product/1/5/15069545-1_1663762238.png?quality=80&fit=bounds&height=166&width=111&canvas=111:166,35.25,Vin blanc
Au Bon Climat Isabelle Pinot Noir 2019,750 ml,https://www.saq.com/media/catalog/product/1/4/14558873-1_1594231230.png?quality=80&fit=bounds&height=166&width=111&canvas=111:166,626.25,Vin rouge
Au Pied de Cochon Gin de Mononcle,750 ml,https://www.saq.com/media/catalog/product/1/2/12895180-1_1625843739.png?quality=80&fit=bounds&height=166&width=111&canvas=111:166,18.60,Eau-de-vie aromatisée (carvi)
Au Pied de Cochon Gin de Mononcle Bière d'Épinette,375 ml,https://www.saq.com/media/catalog/product/1/4/14700121-1_1631634424.png?quality=80&fit=bounds&height=166&width=111&canvas=111:166,9.40,Bière dorée de type Spontanée
Auchentoshan 12 ans Lowland Single Malt Scotch Whisky,750 ml,https://www.saq.com/media/catalog/product/1/1/11156174-1_1580613911.png?quality=80&fit=bounds&height=166&width=111&canvas=111:166,9.55,Dry gin
Aupale,750 ml,https://www.saq.com/media/catalog/product/1/4/14555171-1_1600789569.png?quality=80&fit=bounds&height=166&width=111&canvas=111:166,19.00,Rhum épicé
Aupale Seltzer Pamplemousse,4 x 355 ml,https://www.saq.com/media/catalog/product/1/4/14959693-1_1659711954.png?quality=80&fit=bounds&height=166&width=111&canvas=111:166,19.00,Cooler au spiritueux
Autour de la Pomme Les Complices,4 x 355 ml,https://www.saq.com/media/catalog/product/1/5/15087866-1_1661793344.png?quality=80&fit=bounds&height=166&width=111&canvas=111:166,14.45,Cooler au spiritueux
Aveleda Alvarinho Minho 2021,750 ml,https://www.saq.com/media/catalog/product/1/4/14432744-1_1590783317.png?quality=80&fit=bounds&height=166&width=111&canvas=111:166,18.45,Dry gin
Aveleda Regional Lisboa 2020,750 ml,https://www.saq.com/media/catalog/product/1/4/14907949-1_1645112149.png?quality=80&fit=bounds&height=166&width=111&canvas=111:166,19.95,Liqueur de fruit (citron)
Aveleda Vinho verde,4 x 355 ml,https://www.saq.com/media/catalog/product/5/3/5322-1_1626788741.png?quality=80&fit=bounds&height=166&width=111&canvas=111:166,48.00,Cooler au spiritueux
Avondale Anima Paarl 2018,750 ml,https://www.saq.com/media/catalog/product/1/4/14439428-1_1642691742.png?quality=80&fit=bounds&height=166&width=111&canvas=111:166,78.75,Liqueur de fruit (orange)
Avril Amaretto Fizz,750 ml,https://www.saq.com/media/catalog/product/1/4/14699588-1_1618346460.png?quality=80&fit=bounds&height=166&width=111&canvas=111:166,48.50,Dry gin
Azevedo Alvarinho Reserva 2020,750 ml,https://www.saq.com/media/catalog/product/1/4/14788986-1_1626967268.png?quality=80&fit=bounds&height=166&width=111&canvas=111:166,18.20,Vin rouge
Azienda Agricola Frank Cornelissen Distillato di Magma,750 ml,https://www.saq.com/media/catalog/product/1/4/14561028-1_1643209244.png?quality=80&fit=bounds&height=166&width=111&canvas=111:166,65.00,Téquila
Azienda Agricola Frank Cornelissen Munjebel CR 2018,750 ml,https://www.saq.com/media/catalog/product/1/4/14973065-1_1653419739.png?quality=80&fit=bounds&height=166&width=111&canvas=111:166,45.00,Téquila
Azienda Agricola Frank Cornelissen MunJebel CS 2018,750 ml,https://www.saq.com/media/catalog/product/1/4/14973073-1_1653416476.png?quality=80&fit=bounds&height=166&width=111&canvas=111:166,16.80,Vin blanc
Azienda Agricola Frank Cornelissen MunJebel FM 2018,750 ml,https://www.saq.com/media/catalog/product/1/4/14973081-1_1653419739.png?quality=80&fit=bounds&height=166&width=111&canvas=111:166,22.50,Vin blanc
Azienda Agricola Frank Cornelissen Munjebel MC 2018,750 ml,https://www.saq.com/media/catalog/product/1/4/14973090-1_1653416476.png?quality=80&fit=bounds&height=166&width=111&canvas=111:166,15.80,Vin blanc
B de Fonbadet Bordeaux 2019,750 ml,https://www.saq.com/media/catalog/product/1/5/15131530-1_1678398348.png?quality=80&fit=bounds&height=166&width=111&canvas=111:166,14.85,Genièvre aromatisé
Bacalhôa Catarina 2019,750 ml,https://www.saq.com/media/catalog/product/1/4/14064101-1_1578550524.png?quality=80&fit=bounds&height=166&width=111&canvas=111:166,12.60,Whisky écossais
Bacalhôa Catarina 2021,750 ml,https://www.saq.com/media/catalog/product/1/1/11518761-1_1580622610.png?quality=80&fit=bounds&height=166&width=111&canvas=111:166,33.50,Eau-de-vie aromatisée (aneth et carvi)
Bacalhôa Quatro Ventos Douro Superior 2018,500 ml,https://www.saq.com/media/catalog/product/1/1/11317177-1_1582217432.png?quality=80&fit=bounds&height=166&width=111&canvas=111:166,14.20,Absinthe
Bacardi 8 Ans,500 ml,https://www.saq.com/media/catalog/product/4/9/492520-1_1678816689.png?quality=80&fit=bounds&height=166&width=111&canvas=111:166,17.45,Absinthe
Bacardi Breezer Pina Colada,500 ml,https://www.saq.com/media/catalog/product/1/3/13586434-1_1578538511.png?quality=80&fit=bounds&height=166&width=111&canvas=111:166,503.50,Absinthe
Bacardi Breezer Smoothie Orange des Tropiques,750 ml,https://www.saq.com/media/catalog/product/1/3/13336136-1_1578534319.png?quality=80&fit=bounds&height=166&width=111&canvas=111:166,89.50,Dry gin
Bacardi Coconut,750 ml,https://www.saq.com/media/catalog/product/1/4/14183961-1_1626973234.png?quality=80&fit=bounds&height=166&width=111&canvas=111:166,89.50,Dry gin
Bacardi Framboise,"1,75 L",https://www.saq.com/media/catalog/product/1/2/12098092-1_1654098642.png?quality=80&fit=bounds&height=166&width=111&canvas=111:166,89.50,Vodka
Bacardi Gold,"1,14 L",https://www.saq.com/media/catalog/product/1/2/1206-1_1629741934.png?quality=80&fit=bounds&height=166&width=111&canvas=111:166,89.50,Vodka
Bacardi Limon,750 ml,https://www.saq.com/media/catalog/product/3/9/398552-1_1615827644.png?quality=80&fit=bounds&height=166&width=111&canvas=111:166,20.05,Vodka
Bacardi Mojito,4 x 355 ml,https://www.saq.com/media/catalog/product/1/4/14700075-1_1616608327.png?quality=80&fit=bounds&height=166&width=111&canvas=111:166,15.80,Cooler au spiritueux
Bacardi Pina Colada,750 ml,https://www.saq.com/media/catalog/product/1/5/15149238-1_1681330084.png?quality=80&fit=bounds&height=166&width=111&canvas=111:166,14.90,Vodka aromatisée (citron)
Bacardi Punch Au Rhum,750 ml,https://www.saq.com/media/catalog/product/1/4/14959773-1_1652361931.png?quality=80&fit=bounds&height=166&width=111&canvas=111:166,15.35,Vodka
Bacardi Spiced,750 ml,https://www.saq.com/media/catalog/product/1/3/13937396-1_1582896312.png?quality=80&fit=bounds&height=166&width=111&canvas=111:166,35.50,Vodka aromatisée (fraise)
Bacardi Spiced,750 ml,https://www.saq.com/media/catalog/product/1/3/13478821-1_1582896310.png?quality=80&fit=bounds&height=166&width=111&canvas=111:166,13.50,Vodka aromatisée (lime)
Bacardi Spiced,4 x 355 ml,https://www.saq.com/media/catalog/product/1/3/13462845-1_1582896310.png?quality=80&fit=bounds&height=166&width=111&canvas=111:166,13.50,Cooler au spiritueux
Bacardi Superior,750 ml,https://www.saq.com/media/catalog/product/5/9/596-1_1580603127.png?quality=80&fit=bounds&height=166&width=111&canvas=111:166,25.95,Vodka aromatisée (framboise)
Bacardi Superior,750 ml,https://www.saq.com/media/catalog/product/1/1/117-1_1623189064.png?quality=80&fit=bounds&height=166&width=111&canvas=111:166,25.95,Rhum aromatisé
Bachelder La Pureté Chardonnay Niagara Escarpment 2021,750 ml,https://www.saq.com/media/catalog/product/1/4/14558937-1_1600789569.png?quality=80&fit=bounds&height=166&width=111&canvas=111:166,26.75,Boisson à la crème
Bachelder Lowrey Vineyard St David's Bench 2020,750 ml,https://www.saq.com/media/catalog/product/1/4/14555576-1_1634060124.png?quality=80&fit=bounds&height=166&width=111&canvas=111:166,25.95,Rhum épicé
Badenhorst Family Wines Papegaai Red Swartland 2021,750 ml,https://www.saq.com/media/catalog/product/1/5/15015580-1_1674482744.png?quality=80&fit=bounds&height=166&width=111&canvas=111:166,16.80,Dry gin
Baglio di Grisi Aria 2021,750 ml,https://www.saq.com/media/catalog/product/1/3/13567612-1_1673300461.png?quality=80&fit=bounds&height=166&width=111&canvas=111:166,16.80,Vin blanc
Baileys Caramel Salé,750 ml,https://www.saq.com/media/catalog/product/1/2/12719741-1_1594925116.png?quality=80&fit=bounds&height=166&width=111&canvas=111:166,16.80,Vin rouge
Baileys Deliciously Light,750 ml,https://www.saq.com/media/catalog/product/1/4/14731998-1_1623358842.png?quality=80&fit=bounds&height=166&width=111&canvas=111:166,25.95,Vin blanc
Baileys l'Originale,750 ml,https://www.saq.com/media/catalog/product/5/9/5959-1_1580603127.png?quality=80&fit=bounds&height=166&width=111&canvas=111:166,37.75,Vin blanc
Baileys l'Originale,750 ml,https://www.saq.com/media/catalog/product/1/0/10666826-1_1580598313.png?quality=80&fit=bounds&height=166&width=111&canvas=111:166,13.95,Vin blanc
Bailly Lapierre Crémant de Bourgogne Brut,750 ml,https://www.saq.com/media/catalog/product/1/5/15041690-1_1666098964.png?quality=80&fit=bounds&height=166&width=111&canvas=111:166,14.25,Vin blanc
Bailly Lapierre Égarade Crémant de Bourgogne,750 ml,https://www.saq.com/media/catalog/product/1/4/14209542-1_1593087313.png?quality=80&fit=bounds&height=166&width=111&canvas=111:166,23.95,Vin blanc
Bailly-Lapierre Saint-Bris 2021,750 ml,https://www.saq.com/media/catalog/product/1/0/10870211-1_1580609714.png?quality=80&fit=bounds&height=166&width=111&canvas=111:166,20.80,Vin rouge
Ballantine's Blended Scotch,300 ml,https://www.saq.com/media/catalog/product/1/1/11405661-1_1580617515.png?quality=80&fit=bounds&height=166&width=111&canvas=111:166,55.25,Saké
Barcelo Gran Anejo,3 L,https://www.saq.com/media/catalog/product/1/1/11202361-1_1580614813.png?quality=80&fit=bounds&height=166&width=111&canvas=111:166,21.15,Vin blanc
Barcelo Imperial,750 ml,https://www.saq.com/media/catalog/product/1/1/11416335-1_1654176644.png?quality=80&fit=bounds&height=166&width=111&canvas=111:166,20.95,Vin rouge
Bardinet Brandy VSOP,750 ml,https://www.saq.com/media/catalog/product/1/3/13504435-1_1616156725.png?quality=80&fit=bounds&height=166&width=111&canvas=111:166,32.00,Vin blanc
Barefoot Pinot Grigio,750 ml,https://www.saq.com/media/catalog/product/1/0/10915010-1_1580610310.png?quality=80&fit=bounds&height=166&width=111&canvas=111:166,31.50,Vin blanc
Barista,750 ml,https://www.saq.com/media/catalog/product/1/3/13567962-1_1624377341.png?quality=80&fit=bounds&height=166&width=111&canvas=111:166,31.50,Vin rouge
Barista Avoine et Café,750 ml,https://www.saq.com/media/catalog/product/1/4/14809361-1_1646927154.png?quality=80&fit=bounds&height=166&width=111&canvas=111:166,42.75,Vin blanc
Baron de Ley Reserva,750 ml,https://www.saq.com/media/catalog/product/8/6/868729-1_1580606125.png?quality=80&fit=bounds&height=166&width=111&canvas=111:166,26.20,Vin blanc
Baron Herzog Pinot Grigio Californie 2021,750 ml,https://www.saq.com/media/catalog/product/1/3/13112546-1_1622473241.png?quality=80&fit=bounds&height=166&width=111&canvas=111:166,28.90,Vin rouge
Baron Herzog White Zinfandel 2021,750 ml,https://www.saq.com/media/catalog/product/1/0/10348334-1_1622473240.png?quality=80&fit=bounds&height=166&width=111&canvas=111:166,21.60,Vin blanc
Baron Philippe de Rothschild Chardonnay Pays d'Oc,750 ml,https://www.saq.com/media/catalog/product/4/0/407528-1_1622753440.png?quality=80&fit=bounds&height=166&width=111&canvas=111:166,42.25,Vin rouge
Baron Philippe de Rothschild Mapu Reserva Valle del Maule,750 ml,https://www.saq.com/media/catalog/product/1/4/14250203-1_1681241584.png?quality=80&fit=bounds&height=166&width=111&canvas=111:166,31.00,Vin blanc
Baron Philippe de Rothschild Merlot / Cabernet-Sauvignon Pays d'Oc 2021,750 ml,https://www.saq.com/media/catalog/product/1/1/11579513-1_1664371837.png?quality=80&fit=bounds&height=166&width=111&canvas=111:166,50.25,Vin rouge
Baron Philippe de Rothschild Pays d'Oc Merlot,750 ml,https://www.saq.com/media/catalog/product/4/0/407544-1_1630680334.png?quality=80&fit=bounds&height=166&width=111&canvas=111:166,23.90,Vin rouge
Baron Philippe de Rothschild Pays d'Oc Pinot Noir,750 ml,https://www.saq.com/media/catalog/product/1/0/10915247-1_1627419643.png?quality=80&fit=bounds&height=166&width=111&canvas=111:166,12.15,Whisky canadien
Barone Montalto Terre Siciliane 2021,750 ml,https://www.saq.com/media/catalog/product/1/4/14729118-1_1622655365.png?quality=80&fit=bounds&height=166&width=111&canvas=111:166,31.75,Whisky canadien
Barone Ricasoli Chianti,750 ml,https://www.saq.com/media/catalog/product/1/3/13188858-1_1581315325.png?quality=80&fit=bounds&height=166&width=111&canvas=111:166,32.00,Vin rouge
Barone Ricasoli Rocca Guicciarda Chianti Classico Riserva 2019,750 ml,https://www.saq.com/media/catalog/product/1/0/10253440-1_1580594718.png?quality=80&fit=bounds&height=166&width=111&canvas=111:166,21.85,Liqueur de gin et d'érable
Bartenura Moscato 2021,500 ml,https://www.saq.com/media/catalog/product/1/3/13856730-1_1578543909.png?quality=80&fit=bounds&height=166&width=111&canvas=111:166,20.95,Boisson à la crème (érable)
